{
  "project_info": {
    "project_number": "62860124345",
    "firebase_url": "https://tccprojeto-2a943.firebaseio.com",
    "project_id": "tccprojeto-2a943",
    "storage_bucket": "tccprojeto-2a943.appspot.com"
  },
  "client": [
    {
      "client_info": {
        "mobilesdk_app_id": "1:62860124345:android:63d0c6cc136c899f",
        "android_client_info": {
          "package_name": "com.md.achadoseperdidos"
        }
      },
      "oauth_client": [
        {
          "client_id": "62860124345-48pi61lv9eejr0t71ecscn9jar4hp3cj.apps.googleusercontent.com",
          "client_type": 1,
          "android_info": {
            "package_name": "com.md.achadoseperdidos",
            "certificate_hash": "71d590d722fad36116244d3de92bc36a71dbf2b5"
          }
        },
        {
          "client_id": "62860124345-jlug58phe5t4i5nm2jo16h8n2qmdlssj.apps.googleusercontent.com",
          "client_type": 1,
          "android_info": {
            "package_name": "com.md.achadoseperdidos",
            "certificate_hash": "5020cbce5b45e20bf1d6cfa1df12b8e5a1d73bf0"
          }
        },
        {
          "client_id": "62860124345-rttft8a3j11os5cb8miq0p241ntp66cr.apps.googleusercontent.com",
          "client_type": 1,
          "android_info": {
            "package_name": "com.md.achadoseperdidos",
            "certificate_hash": "03abf3c92cbca44b71f8545441e058fddfddbf85"
          }
        },
        {
          "client_id": "62860124345-mbu7440failthdnvfcdr39qk6ebro9uj.apps.googleusercontent.com",
          "client_type": 1,
          "android_info": {
            "package_name": "com.md.achadoseperdidos",
            "certificate_hash": "ce1a5795dc81dfa663a02f2f98d13f2444773aaf"
          }
        },
        {
          "client_id": "62860124345-k14vj2p5mfu18qfsfjspvmcarik362ns.apps.googleusercontent.com",
          "client_type": 1,
          "android_info": {
            "package_name": "com.md.achadoseperdidos",
            "certificate_hash": "0d4c9bffc32c5834bf4817f2a0f6d547ec26ad3b"
          }
        },
        {
          "client_id": "62860124345-07rgfgu3pkk6qe8jb0ijdkg3svu1o2pd.apps.googleusercontent.com",
          "client_type": 1,
          "android_info": {
            "package_name": "com.md.achadoseperdidos",
            "certificate_hash": "7b07c491504824b71eea73d21679aa51527d0f53"
          }
        },
        {
          "client_id": "62860124345-7oodhs5e085ioefbsdrop2br57r4sc08.apps.googleusercontent.com",
          "client_type": 3
        }
      ],
      "api_key": [
        {
          "current_key": "AIzaSyBiOF7aNTmlNbVGnMItSpCGPfDPJKnAYXc"
        }
      ],
      "services": {
        "appinvite_service": {
          "other_platform_oauth_client": [
            {
              "client_id": "62860124345-7oodhs5e085ioefbsdrop2br57r4sc08.apps.googleusercontent.com",
              "client_type": 3
            }
          ]
        }
      }
    }
  ],
  "configuration_version": "1"
}